image_path (upload exactly here in your repo),size,article,suggested prompt / description
images/anxiety-explained/carousel-1-1.jpg,700x480,Understanding Anxiety,"nervous system fight or flight response, calm illustration, medical style (photo 1 of 4, a different angle/moment than the others in this set)"
images/anxiety-explained/carousel-1-2.jpg,700x480,Understanding Anxiety,"nervous system fight or flight response, calm illustration, medical style (photo 2 of 4, a different angle/moment than the others in this set)"
images/anxiety-explained/carousel-1-3.jpg,700x480,Understanding Anxiety,"nervous system fight or flight response, calm illustration, medical style (photo 3 of 4, a different angle/moment than the others in this set)"
images/anxiety-explained/carousel-1-4.jpg,700x480,Understanding Anxiety,"nervous system fight or flight response, calm illustration, medical style (photo 4 of 4, a different angle/moment than the others in this set)"
images/anxiety-explained/carousel-2-1.jpg,700x480,Understanding Anxiety,"everyday healthy lifestyle scene related to Understanding Anxiety, warm natural lighting (photo 1 of 4, a different angle/moment than the others in this set)"
images/anxiety-explained/carousel-2-2.jpg,700x480,Understanding Anxiety,"everyday healthy lifestyle scene related to Understanding Anxiety, warm natural lighting (photo 2 of 4, a different angle/moment than the others in this set)"
images/anxiety-explained/carousel-2-3.jpg,700x480,Understanding Anxiety,"everyday healthy lifestyle scene related to Understanding Anxiety, warm natural lighting (photo 3 of 4, a different angle/moment than the others in this set)"
images/anxiety-explained/carousel-2-4.jpg,700x480,Understanding Anxiety,"everyday healthy lifestyle scene related to Understanding Anxiety, warm natural lighting (photo 4 of 4, a different angle/moment than the others in this set)"
images/anxiety-explained/carousel-3-1.jpg,700x480,Understanding Anxiety,"everyday healthy lifestyle scene related to Understanding Anxiety, warm natural lighting (photo 1 of 4, a different angle/moment than the others in this set)"
images/anxiety-explained/carousel-3-2.jpg,700x480,Understanding Anxiety,"everyday healthy lifestyle scene related to Understanding Anxiety, warm natural lighting (photo 2 of 4, a different angle/moment than the others in this set)"
images/anxiety-explained/carousel-3-3.jpg,700x480,Understanding Anxiety,"everyday healthy lifestyle scene related to Understanding Anxiety, warm natural lighting (photo 3 of 4, a different angle/moment than the others in this set)"
images/anxiety-explained/carousel-3-4.jpg,700x480,Understanding Anxiety,"everyday healthy lifestyle scene related to Understanding Anxiety, warm natural lighting (photo 4 of 4, a different angle/moment than the others in this set)"
images/anxiety-explained/cover.jpg,1000x560,Understanding Anxiety,"calm person breathing exercise, anxiety relief, soft wellness illustration style"
images/apples-health-guide/carousel-1-1.jpg,700x480,Apples: A Complete Health Guide,"fresh apple slices with skin, healthy fruit, professional food photography (photo 1 of 4, a different angle/moment than the others in this set)"
images/apples-health-guide/carousel-1-2.jpg,700x480,Apples: A Complete Health Guide,"fresh apple slices with skin, healthy fruit, professional food photography (photo 2 of 4, a different angle/moment than the others in this set)"
images/apples-health-guide/carousel-1-3.jpg,700x480,Apples: A Complete Health Guide,"fresh apple slices with skin, healthy fruit, professional food photography (photo 3 of 4, a different angle/moment than the others in this set)"
images/apples-health-guide/carousel-1-4.jpg,700x480,Apples: A Complete Health Guide,"fresh apple slices with skin, healthy fruit, professional food photography (photo 4 of 4, a different angle/moment than the others in this set)"
images/apples-health-guide/carousel-2-1.jpg,700x480,Apples: A Complete Health Guide,"everyday healthy lifestyle scene related to Apples: A Complete Health Guide, warm natural lighting (photo 1 of 4, a different angle/moment than the others in this set)"
images/apples-health-guide/carousel-2-2.jpg,700x480,Apples: A Complete Health Guide,"everyday healthy lifestyle scene related to Apples: A Complete Health Guide, warm natural lighting (photo 2 of 4, a different angle/moment than the others in this set)"
images/apples-health-guide/carousel-2-3.jpg,700x480,Apples: A Complete Health Guide,"everyday healthy lifestyle scene related to Apples: A Complete Health Guide, warm natural lighting (photo 3 of 4, a different angle/moment than the others in this set)"
images/apples-health-guide/carousel-2-4.jpg,700x480,Apples: A Complete Health Guide,"everyday healthy lifestyle scene related to Apples: A Complete Health Guide, warm natural lighting (photo 4 of 4, a different angle/moment than the others in this set)"
images/apples-health-guide/carousel-3-1.jpg,700x480,Apples: A Complete Health Guide,"everyday healthy lifestyle scene related to Apples: A Complete Health Guide, warm natural lighting (photo 1 of 4, a different angle/moment than the others in this set)"
images/apples-health-guide/carousel-3-2.jpg,700x480,Apples: A Complete Health Guide,"everyday healthy lifestyle scene related to Apples: A Complete Health Guide, warm natural lighting (photo 2 of 4, a different angle/moment than the others in this set)"
images/apples-health-guide/carousel-3-3.jpg,700x480,Apples: A Complete Health Guide,"everyday healthy lifestyle scene related to Apples: A Complete Health Guide, warm natural lighting (photo 3 of 4, a different angle/moment than the others in this set)"
images/apples-health-guide/carousel-3-4.jpg,700x480,Apples: A Complete Health Guide,"everyday healthy lifestyle scene related to Apples: A Complete Health Guide, warm natural lighting (photo 4 of 4, a different angle/moment than the others in this set)"
images/apples-health-guide/cover.jpg,1000x560,Apples: A Complete Health Guide,"fresh red apples closeup, healthy fruit, clean nutrition photography style"
images/arthritis-joint-pain/carousel-1-1.jpg,700x480,Arthritis: Why Joints Become Painful,"knee joint cartilage illustration, arthritis, medical diagram style (photo 1 of 4, a different angle/moment than the others in this set)"
images/arthritis-joint-pain/carousel-1-2.jpg,700x480,Arthritis: Why Joints Become Painful,"knee joint cartilage illustration, arthritis, medical diagram style (photo 2 of 4, a different angle/moment than the others in this set)"
images/arthritis-joint-pain/carousel-1-3.jpg,700x480,Arthritis: Why Joints Become Painful,"knee joint cartilage illustration, arthritis, medical diagram style (photo 3 of 4, a different angle/moment than the others in this set)"
images/arthritis-joint-pain/carousel-1-4.jpg,700x480,Arthritis: Why Joints Become Painful,"knee joint cartilage illustration, arthritis, medical diagram style (photo 4 of 4, a different angle/moment than the others in this set)"
images/arthritis-joint-pain/carousel-2-1.jpg,700x480,Arthritis: Why Joints Become Painful,"everyday healthy lifestyle scene related to Arthritis: Why Joints Become Painful, warm natural lighting (photo 1 of 4, a different angle/moment than the others in this set)"
images/arthritis-joint-pain/carousel-2-2.jpg,700x480,Arthritis: Why Joints Become Painful,"everyday healthy lifestyle scene related to Arthritis: Why Joints Become Painful, warm natural lighting (photo 2 of 4, a different angle/moment than the others in this set)"
images/arthritis-joint-pain/carousel-2-3.jpg,700x480,Arthritis: Why Joints Become Painful,"everyday healthy lifestyle scene related to Arthritis: Why Joints Become Painful, warm natural lighting (photo 3 of 4, a different angle/moment than the others in this set)"
images/arthritis-joint-pain/carousel-2-4.jpg,700x480,Arthritis: Why Joints Become Painful,"everyday healthy lifestyle scene related to Arthritis: Why Joints Become Painful, warm natural lighting (photo 4 of 4, a different angle/moment than the others in this set)"
images/arthritis-joint-pain/carousel-3-1.jpg,700x480,Arthritis: Why Joints Become Painful,"everyday healthy lifestyle scene related to Arthritis: Why Joints Become Painful, warm natural lighting (photo 1 of 4, a different angle/moment than the others in this set)"
images/arthritis-joint-pain/carousel-3-2.jpg,700x480,Arthritis: Why Joints Become Painful,"everyday healthy lifestyle scene related to Arthritis: Why Joints Become Painful, warm natural lighting (photo 2 of 4, a different angle/moment than the others in this set)"
images/arthritis-joint-pain/carousel-3-3.jpg,700x480,Arthritis: Why Joints Become Painful,"everyday healthy lifestyle scene related to Arthritis: Why Joints Become Painful, warm natural lighting (photo 3 of 4, a different angle/moment than the others in this set)"
images/arthritis-joint-pain/carousel-3-4.jpg,700x480,Arthritis: Why Joints Become Painful,"everyday healthy lifestyle scene related to Arthritis: Why Joints Become Painful, warm natural lighting (photo 4 of 4, a different angle/moment than the others in this set)"
images/arthritis-joint-pain/cover.jpg,1000x560,Arthritis: Why Joints Become Painful,"joint pain knee illustration, arthritis, clean medical style"
images/asthma-respiratory-health/carousel-1-1.jpg,700x480,Asthma and Respiratory Health Explained,"lungs airway inflammation diagram, asthma, medical illustration style (photo 1 of 4, a different angle/moment than the others in this set)"
images/asthma-respiratory-health/carousel-1-2.jpg,700x480,Asthma and Respiratory Health Explained,"lungs airway inflammation diagram, asthma, medical illustration style (photo 2 of 4, a different angle/moment than the others in this set)"
images/asthma-respiratory-health/carousel-1-3.jpg,700x480,Asthma and Respiratory Health Explained,"lungs airway inflammation diagram, asthma, medical illustration style (photo 3 of 4, a different angle/moment than the others in this set)"
images/asthma-respiratory-health/carousel-1-4.jpg,700x480,Asthma and Respiratory Health Explained,"lungs airway inflammation diagram, asthma, medical illustration style (photo 4 of 4, a different angle/moment than the others in this set)"
images/asthma-respiratory-health/carousel-2-1.jpg,700x480,Asthma and Respiratory Health Explained,"everyday healthy lifestyle scene related to Asthma and Respiratory Health Explained, warm natural lighting (photo 1 of 4, a different angle/moment than the others in this set)"
images/asthma-respiratory-health/carousel-2-2.jpg,700x480,Asthma and Respiratory Health Explained,"everyday healthy lifestyle scene related to Asthma and Respiratory Health Explained, warm natural lighting (photo 2 of 4, a different angle/moment than the others in this set)"
images/asthma-respiratory-health/carousel-2-3.jpg,700x480,Asthma and Respiratory Health Explained,"everyday healthy lifestyle scene related to Asthma and Respiratory Health Explained, warm natural lighting (photo 3 of 4, a different angle/moment than the others in this set)"
images/asthma-respiratory-health/carousel-2-4.jpg,700x480,Asthma and Respiratory Health Explained,"everyday healthy lifestyle scene related to Asthma and Respiratory Health Explained, warm natural lighting (photo 4 of 4, a different angle/moment than the others in this set)"
images/asthma-respiratory-health/carousel-3-1.jpg,700x480,Asthma and Respiratory Health Explained,"everyday healthy lifestyle scene related to Asthma and Respiratory Health Explained, warm natural lighting (photo 1 of 4, a different angle/moment than the others in this set)"
images/asthma-respiratory-health/carousel-3-2.jpg,700x480,Asthma and Respiratory Health Explained,"everyday healthy lifestyle scene related to Asthma and Respiratory Health Explained, warm natural lighting (photo 2 of 4, a different angle/moment than the others in this set)"
images/asthma-respiratory-health/carousel-3-3.jpg,700x480,Asthma and Respiratory Health Explained,"everyday healthy lifestyle scene related to Asthma and Respiratory Health Explained, warm natural lighting (photo 3 of 4, a different angle/moment than the others in this set)"
images/asthma-respiratory-health/carousel-3-4.jpg,700x480,Asthma and Respiratory Health Explained,"everyday healthy lifestyle scene related to Asthma and Respiratory Health Explained, warm natural lighting (photo 4 of 4, a different angle/moment than the others in this set)"
images/asthma-respiratory-health/cover.jpg,1000x560,Asthma and Respiratory Health Explained,"lungs airways illustration, respiratory system, clean medical style"
images/back-pain/carousel-1-1.jpg,700x480,Why Your Back Hurts (And What Actually Helps),"good posture desk setup, ergonomic illustration, clean wellness style (photo 1 of 4, a different angle/moment than the others in this set)"
images/back-pain/carousel-1-2.jpg,700x480,Why Your Back Hurts (And What Actually Helps),"good posture desk setup, ergonomic illustration, clean wellness style (photo 2 of 4, a different angle/moment than the others in this set)"
images/back-pain/carousel-1-3.jpg,700x480,Why Your Back Hurts (And What Actually Helps),"good posture desk setup, ergonomic illustration, clean wellness style (photo 3 of 4, a different angle/moment than the others in this set)"
images/back-pain/carousel-1-4.jpg,700x480,Why Your Back Hurts (And What Actually Helps),"good posture desk setup, ergonomic illustration, clean wellness style (photo 4 of 4, a different angle/moment than the others in this set)"
images/back-pain/carousel-2-1.jpg,700x480,Why Your Back Hurts (And What Actually Helps),"everyday healthy lifestyle scene related to Why Your Back Hurts (And What Actually Helps), warm natural lighting (photo 1 of 4, a different angle/moment than the others in this set)"
images/back-pain/carousel-2-2.jpg,700x480,Why Your Back Hurts (And What Actually Helps),"everyday healthy lifestyle scene related to Why Your Back Hurts (And What Actually Helps), warm natural lighting (photo 2 of 4, a different angle/moment than the others in this set)"
images/back-pain/carousel-2-3.jpg,700x480,Why Your Back Hurts (And What Actually Helps),"everyday healthy lifestyle scene related to Why Your Back Hurts (And What Actually Helps), warm natural lighting (photo 3 of 4, a different angle/moment than the others in this set)"
images/back-pain/carousel-2-4.jpg,700x480,Why Your Back Hurts (And What Actually Helps),"everyday healthy lifestyle scene related to Why Your Back Hurts (And What Actually Helps), warm natural lighting (photo 4 of 4, a different angle/moment than the others in this set)"
images/back-pain/carousel-3-1.jpg,700x480,Why Your Back Hurts (And What Actually Helps),"everyday healthy lifestyle scene related to Why Your Back Hurts (And What Actually Helps), warm natural lighting (photo 1 of 4, a different angle/moment than the others in this set)"
images/back-pain/carousel-3-2.jpg,700x480,Why Your Back Hurts (And What Actually Helps),"everyday healthy lifestyle scene related to Why Your Back Hurts (And What Actually Helps), warm natural lighting (photo 2 of 4, a different angle/moment than the others in this set)"
images/back-pain/carousel-3-3.jpg,700x480,Why Your Back Hurts (And What Actually Helps),"everyday healthy lifestyle scene related to Why Your Back Hurts (And What Actually Helps), warm natural lighting (photo 3 of 4, a different angle/moment than the others in this set)"
images/back-pain/carousel-3-4.jpg,700x480,Why Your Back Hurts (And What Actually Helps),"everyday healthy lifestyle scene related to Why Your Back Hurts (And What Actually Helps), warm natural lighting (photo 4 of 4, a different angle/moment than the others in this set)"
images/back-pain/cover.jpg,1000x560,Why Your Back Hurts (And What Actually Helps),"person with good posture at desk, back health, clean wellness illustration"
images/blood-circulation/carousel-1-1.jpg,700x480,How Blood Circulation Works,"blood vessels arteries veins diagram, circulation, medical illustration style (photo 1 of 4, a different angle/moment than the others in this set)"
images/blood-circulation/carousel-1-2.jpg,700x480,How Blood Circulation Works,"blood vessels arteries veins diagram, circulation, medical illustration style (photo 2 of 4, a different angle/moment than the others in this set)"
images/blood-circulation/carousel-1-3.jpg,700x480,How Blood Circulation Works,"blood vessels arteries veins diagram, circulation, medical illustration style (photo 3 of 4, a different angle/moment than the others in this set)"
images/blood-circulation/carousel-1-4.jpg,700x480,How Blood Circulation Works,"blood vessels arteries veins diagram, circulation, medical illustration style (photo 4 of 4, a different angle/moment than the others in this set)"
images/blood-circulation/carousel-2-1.jpg,700x480,How Blood Circulation Works,"everyday healthy lifestyle scene related to How Blood Circulation Works, warm natural lighting (photo 1 of 4, a different angle/moment than the others in this set)"
images/blood-circulation/carousel-2-2.jpg,700x480,How Blood Circulation Works,"everyday healthy lifestyle scene related to How Blood Circulation Works, warm natural lighting (photo 2 of 4, a different angle/moment than the others in this set)"
images/blood-circulation/carousel-2-3.jpg,700x480,How Blood Circulation Works,"everyday healthy lifestyle scene related to How Blood Circulation Works, warm natural lighting (photo 3 of 4, a different angle/moment than the others in this set)"
images/blood-circulation/carousel-2-4.jpg,700x480,How Blood Circulation Works,"everyday healthy lifestyle scene related to How Blood Circulation Works, warm natural lighting (photo 4 of 4, a different angle/moment than the others in this set)"
images/blood-circulation/carousel-3-1.jpg,700x480,How Blood Circulation Works,"everyday healthy lifestyle scene related to How Blood Circulation Works, warm natural lighting (photo 1 of 4, a different angle/moment than the others in this set)"
images/blood-circulation/carousel-3-2.jpg,700x480,How Blood Circulation Works,"everyday healthy lifestyle scene related to How Blood Circulation Works, warm natural lighting (photo 2 of 4, a different angle/moment than the others in this set)"
images/blood-circulation/carousel-3-3.jpg,700x480,How Blood Circulation Works,"everyday healthy lifestyle scene related to How Blood Circulation Works, warm natural lighting (photo 3 of 4, a different angle/moment than the others in this set)"
images/blood-circulation/carousel-3-4.jpg,700x480,How Blood Circulation Works,"everyday healthy lifestyle scene related to How Blood Circulation Works, warm natural lighting (photo 4 of 4, a different angle/moment than the others in this set)"
images/blood-circulation/cover.jpg,1000x560,How Blood Circulation Works,"blood vessels circulation system illustration, clean medical style, red and blue"
images/blood-pressure/carousel-1-1.jpg,700x480,High Blood Pressure: What You Need to Know,"blood pressure numbers chart, systolic diastolic, medical infographic style (photo 1 of 4, a different angle/moment than the others in this set)"
images/blood-pressure/carousel-1-2.jpg,700x480,High Blood Pressure: What You Need to Know,"blood pressure numbers chart, systolic diastolic, medical infographic style (photo 2 of 4, a different angle/moment than the others in this set)"
images/blood-pressure/carousel-1-3.jpg,700x480,High Blood Pressure: What You Need to Know,"blood pressure numbers chart, systolic diastolic, medical infographic style (photo 3 of 4, a different angle/moment than the others in this set)"
images/blood-pressure/carousel-1-4.jpg,700x480,High Blood Pressure: What You Need to Know,"blood pressure numbers chart, systolic diastolic, medical infographic style (photo 4 of 4, a different angle/moment than the others in this set)"
images/blood-pressure/carousel-2-1.jpg,700x480,High Blood Pressure: What You Need to Know,"everyday healthy lifestyle scene related to High Blood Pressure: What You Need to Know, warm natural lighting (photo 1 of 4, a different angle/moment than the others in this set)"
images/blood-pressure/carousel-2-2.jpg,700x480,High Blood Pressure: What You Need to Know,"everyday healthy lifestyle scene related to High Blood Pressure: What You Need to Know, warm natural lighting (photo 2 of 4, a different angle/moment than the others in this set)"
images/blood-pressure/carousel-2-3.jpg,700x480,High Blood Pressure: What You Need to Know,"everyday healthy lifestyle scene related to High Blood Pressure: What You Need to Know, warm natural lighting (photo 3 of 4, a different angle/moment than the others in this set)"
images/blood-pressure/carousel-2-4.jpg,700x480,High Blood Pressure: What You Need to Know,"everyday healthy lifestyle scene related to High Blood Pressure: What You Need to Know, warm natural lighting (photo 4 of 4, a different angle/moment than the others in this set)"
images/blood-pressure/carousel-3-1.jpg,700x480,High Blood Pressure: What You Need to Know,"everyday healthy lifestyle scene related to High Blood Pressure: What You Need to Know, warm natural lighting (photo 1 of 4, a different angle/moment than the others in this set)"
images/blood-pressure/carousel-3-2.jpg,700x480,High Blood Pressure: What You Need to Know,"everyday healthy lifestyle scene related to High Blood Pressure: What You Need to Know, warm natural lighting (photo 2 of 4, a different angle/moment than the others in this set)"
images/blood-pressure/carousel-3-3.jpg,700x480,High Blood Pressure: What You Need to Know,"everyday healthy lifestyle scene related to High Blood Pressure: What You Need to Know, warm natural lighting (photo 3 of 4, a different angle/moment than the others in this set)"
images/blood-pressure/carousel-3-4.jpg,700x480,High Blood Pressure: What You Need to Know,"everyday healthy lifestyle scene related to High Blood Pressure: What You Need to Know, warm natural lighting (photo 4 of 4, a different angle/moment than the others in this set)"
images/blood-pressure/cover.jpg,1000x560,High Blood Pressure: What You Need to Know,"blood pressure monitor and cuff on arm, clean medical photo style, soft blue tones"
images/blood-sugar/carousel-1-1.jpg,700x480,Blood Sugar and Diabetes: A Simple Guide,"insulin glucose pancreas illustration, medical diagram style, clean (photo 1 of 4, a different angle/moment than the others in this set)"
images/blood-sugar/carousel-1-2.jpg,700x480,Blood Sugar and Diabetes: A Simple Guide,"insulin glucose pancreas illustration, medical diagram style, clean (photo 2 of 4, a different angle/moment than the others in this set)"
images/blood-sugar/carousel-1-3.jpg,700x480,Blood Sugar and Diabetes: A Simple Guide,"insulin glucose pancreas illustration, medical diagram style, clean (photo 3 of 4, a different angle/moment than the others in this set)"
images/blood-sugar/carousel-1-4.jpg,700x480,Blood Sugar and Diabetes: A Simple Guide,"insulin glucose pancreas illustration, medical diagram style, clean (photo 4 of 4, a different angle/moment than the others in this set)"
images/blood-sugar/carousel-2-1.jpg,700x480,Blood Sugar and Diabetes: A Simple Guide,"everyday healthy lifestyle scene related to Blood Sugar and Diabetes: A Simple Guide, warm natural lighting (photo 1 of 4, a different angle/moment than the others in this set)"
images/blood-sugar/carousel-2-2.jpg,700x480,Blood Sugar and Diabetes: A Simple Guide,"everyday healthy lifestyle scene related to Blood Sugar and Diabetes: A Simple Guide, warm natural lighting (photo 2 of 4, a different angle/moment than the others in this set)"
images/blood-sugar/carousel-2-3.jpg,700x480,Blood Sugar and Diabetes: A Simple Guide,"everyday healthy lifestyle scene related to Blood Sugar and Diabetes: A Simple Guide, warm natural lighting (photo 3 of 4, a different angle/moment than the others in this set)"
images/blood-sugar/carousel-2-4.jpg,700x480,Blood Sugar and Diabetes: A Simple Guide,"everyday healthy lifestyle scene related to Blood Sugar and Diabetes: A Simple Guide, warm natural lighting (photo 4 of 4, a different angle/moment than the others in this set)"
images/blood-sugar/carousel-3-1.jpg,700x480,Blood Sugar and Diabetes: A Simple Guide,"everyday healthy lifestyle scene related to Blood Sugar and Diabetes: A Simple Guide, warm natural lighting (photo 1 of 4, a different angle/moment than the others in this set)"
images/blood-sugar/carousel-3-2.jpg,700x480,Blood Sugar and Diabetes: A Simple Guide,"everyday healthy lifestyle scene related to Blood Sugar and Diabetes: A Simple Guide, warm natural lighting (photo 2 of 4, a different angle/moment than the others in this set)"
images/blood-sugar/carousel-3-3.jpg,700x480,Blood Sugar and Diabetes: A Simple Guide,"everyday healthy lifestyle scene related to Blood Sugar and Diabetes: A Simple Guide, warm natural lighting (photo 3 of 4, a different angle/moment than the others in this set)"
images/blood-sugar/carousel-3-4.jpg,700x480,Blood Sugar and Diabetes: A Simple Guide,"everyday healthy lifestyle scene related to Blood Sugar and Diabetes: A Simple Guide, warm natural lighting (photo 4 of 4, a different angle/moment than the others in this set)"
images/blood-sugar/cover.jpg,1000x560,Blood Sugar and Diabetes: A Simple Guide,"blood glucose monitor and test strip, diabetes management, clean medical photography"
images/brain-health/carousel-1-1.jpg,700x480,How Your Brain Works: A Simple Guide,"brain lobes diagram, labeled anatomy, medical illustration style (photo 1 of 4, a different angle/moment than the others in this set)"
images/brain-health/carousel-1-2.jpg,700x480,How Your Brain Works: A Simple Guide,"brain lobes diagram, labeled anatomy, medical illustration style (photo 2 of 4, a different angle/moment than the others in this set)"
images/brain-health/carousel-1-3.jpg,700x480,How Your Brain Works: A Simple Guide,"brain lobes diagram, labeled anatomy, medical illustration style (photo 3 of 4, a different angle/moment than the others in this set)"
images/brain-health/carousel-1-4.jpg,700x480,How Your Brain Works: A Simple Guide,"brain lobes diagram, labeled anatomy, medical illustration style (photo 4 of 4, a different angle/moment than the others in this set)"
images/brain-health/carousel-2-1.jpg,700x480,How Your Brain Works: A Simple Guide,"everyday healthy lifestyle scene related to How Your Brain Works: A Simple Guide, warm natural lighting (photo 1 of 4, a different angle/moment than the others in this set)"
images/brain-health/carousel-2-2.jpg,700x480,How Your Brain Works: A Simple Guide,"everyday healthy lifestyle scene related to How Your Brain Works: A Simple Guide, warm natural lighting (photo 2 of 4, a different angle/moment than the others in this set)"
images/brain-health/carousel-2-3.jpg,700x480,How Your Brain Works: A Simple Guide,"everyday healthy lifestyle scene related to How Your Brain Works: A Simple Guide, warm natural lighting (photo 3 of 4, a different angle/moment than the others in this set)"
images/brain-health/carousel-2-4.jpg,700x480,How Your Brain Works: A Simple Guide,"everyday healthy lifestyle scene related to How Your Brain Works: A Simple Guide, warm natural lighting (photo 4 of 4, a different angle/moment than the others in this set)"
images/brain-health/carousel-3-1.jpg,700x480,How Your Brain Works: A Simple Guide,"everyday healthy lifestyle scene related to How Your Brain Works: A Simple Guide, warm natural lighting (photo 1 of 4, a different angle/moment than the others in this set)"
images/brain-health/carousel-3-2.jpg,700x480,How Your Brain Works: A Simple Guide,"everyday healthy lifestyle scene related to How Your Brain Works: A Simple Guide, warm natural lighting (photo 2 of 4, a different angle/moment than the others in this set)"
images/brain-health/carousel-3-3.jpg,700x480,How Your Brain Works: A Simple Guide,"everyday healthy lifestyle scene related to How Your Brain Works: A Simple Guide, warm natural lighting (photo 3 of 4, a different angle/moment than the others in this set)"
images/brain-health/carousel-3-4.jpg,700x480,How Your Brain Works: A Simple Guide,"everyday healthy lifestyle scene related to How Your Brain Works: A Simple Guide, warm natural lighting (photo 4 of 4, a different angle/moment than the others in this set)"
images/brain-health/cover.jpg,1000x560,How Your Brain Works: A Simple Guide,"human brain illustration, neural network, clean medical style, purple and blue tones"
images/breathing/carousel-1-1.jpg,700x480,A 2-Minute Breathing Exercise for Anxious Moments,"box breathing pattern diagram, calm illustration, four steps, clean style (photo 1 of 4, a different angle/moment than the others in this set)"
images/breathing/carousel-1-2.jpg,700x480,A 2-Minute Breathing Exercise for Anxious Moments,"box breathing pattern diagram, calm illustration, four steps, clean style (photo 2 of 4, a different angle/moment than the others in this set)"
images/breathing/carousel-1-3.jpg,700x480,A 2-Minute Breathing Exercise for Anxious Moments,"box breathing pattern diagram, calm illustration, four steps, clean style (photo 3 of 4, a different angle/moment than the others in this set)"
images/breathing/carousel-1-4.jpg,700x480,A 2-Minute Breathing Exercise for Anxious Moments,"box breathing pattern diagram, calm illustration, four steps, clean style (photo 4 of 4, a different angle/moment than the others in this set)"
images/breathing/carousel-2-1.jpg,700x480,A 2-Minute Breathing Exercise for Anxious Moments,"everyday healthy lifestyle scene related to A 2-Minute Breathing Exercise for Anxious Moments, warm natural lighting (photo 1 of 4, a different angle/moment than the others in this set)"
images/breathing/carousel-2-2.jpg,700x480,A 2-Minute Breathing Exercise for Anxious Moments,"everyday healthy lifestyle scene related to A 2-Minute Breathing Exercise for Anxious Moments, warm natural lighting (photo 2 of 4, a different angle/moment than the others in this set)"
images/breathing/carousel-2-3.jpg,700x480,A 2-Minute Breathing Exercise for Anxious Moments,"everyday healthy lifestyle scene related to A 2-Minute Breathing Exercise for Anxious Moments, warm natural lighting (photo 3 of 4, a different angle/moment than the others in this set)"
images/breathing/carousel-2-4.jpg,700x480,A 2-Minute Breathing Exercise for Anxious Moments,"everyday healthy lifestyle scene related to A 2-Minute Breathing Exercise for Anxious Moments, warm natural lighting (photo 4 of 4, a different angle/moment than the others in this set)"
images/breathing/carousel-3-1.jpg,700x480,A 2-Minute Breathing Exercise for Anxious Moments,"everyday healthy lifestyle scene related to A 2-Minute Breathing Exercise for Anxious Moments, warm natural lighting (photo 1 of 4, a different angle/moment than the others in this set)"
images/breathing/carousel-3-2.jpg,700x480,A 2-Minute Breathing Exercise for Anxious Moments,"everyday healthy lifestyle scene related to A 2-Minute Breathing Exercise for Anxious Moments, warm natural lighting (photo 2 of 4, a different angle/moment than the others in this set)"
images/breathing/carousel-3-3.jpg,700x480,A 2-Minute Breathing Exercise for Anxious Moments,"everyday healthy lifestyle scene related to A 2-Minute Breathing Exercise for Anxious Moments, warm natural lighting (photo 3 of 4, a different angle/moment than the others in this set)"
images/breathing/carousel-3-4.jpg,700x480,A 2-Minute Breathing Exercise for Anxious Moments,"everyday healthy lifestyle scene related to A 2-Minute Breathing Exercise for Anxious Moments, warm natural lighting (photo 4 of 4, a different angle/moment than the others in this set)"
images/breathing/cover.jpg,1000x560,A 2-Minute Breathing Exercise for Anxious Moments,"calm breathing exercise, peaceful person, soft wellness illustration, blue tones"
images/cholesterol/carousel-1-1.jpg,700x480,"Cholesterol Explained: Good, Bad, and What to Do","LDL HDL cholesterol diagram, artery cross section, medical illustration (photo 1 of 4, a different angle/moment than the others in this set)"
images/cholesterol/carousel-1-2.jpg,700x480,"Cholesterol Explained: Good, Bad, and What to Do","LDL HDL cholesterol diagram, artery cross section, medical illustration (photo 2 of 4, a different angle/moment than the others in this set)"
images/cholesterol/carousel-1-3.jpg,700x480,"Cholesterol Explained: Good, Bad, and What to Do","LDL HDL cholesterol diagram, artery cross section, medical illustration (photo 3 of 4, a different angle/moment than the others in this set)"
images/cholesterol/carousel-1-4.jpg,700x480,"Cholesterol Explained: Good, Bad, and What to Do","LDL HDL cholesterol diagram, artery cross section, medical illustration (photo 4 of 4, a different angle/moment than the others in this set)"
images/cholesterol/carousel-2-1.jpg,700x480,"Cholesterol Explained: Good, Bad, and What to Do","everyday healthy lifestyle scene related to Cholesterol Explained: Good, Bad, and What to Do, warm natural lighting (photo 1 of 4, a different angle/moment than the others in this set)"
images/cholesterol/carousel-2-2.jpg,700x480,"Cholesterol Explained: Good, Bad, and What to Do","everyday healthy lifestyle scene related to Cholesterol Explained: Good, Bad, and What to Do, warm natural lighting (photo 2 of 4, a different angle/moment than the others in this set)"
images/cholesterol/carousel-2-3.jpg,700x480,"Cholesterol Explained: Good, Bad, and What to Do","everyday healthy lifestyle scene related to Cholesterol Explained: Good, Bad, and What to Do, warm natural lighting (photo 3 of 4, a different angle/moment than the others in this set)"
images/cholesterol/carousel-2-4.jpg,700x480,"Cholesterol Explained: Good, Bad, and What to Do","everyday healthy lifestyle scene related to Cholesterol Explained: Good, Bad, and What to Do, warm natural lighting (photo 4 of 4, a different angle/moment than the others in this set)"
images/cholesterol/carousel-3-1.jpg,700x480,"Cholesterol Explained: Good, Bad, and What to Do","everyday healthy lifestyle scene related to Cholesterol Explained: Good, Bad, and What to Do, warm natural lighting (photo 1 of 4, a different angle/moment than the others in this set)"
images/cholesterol/carousel-3-2.jpg,700x480,"Cholesterol Explained: Good, Bad, and What to Do","everyday healthy lifestyle scene related to Cholesterol Explained: Good, Bad, and What to Do, warm natural lighting (photo 2 of 4, a different angle/moment than the others in this set)"
images/cholesterol/carousel-3-3.jpg,700x480,"Cholesterol Explained: Good, Bad, and What to Do","everyday healthy lifestyle scene related to Cholesterol Explained: Good, Bad, and What to Do, warm natural lighting (photo 3 of 4, a different angle/moment than the others in this set)"
images/cholesterol/carousel-3-4.jpg,700x480,"Cholesterol Explained: Good, Bad, and What to Do","everyday healthy lifestyle scene related to Cholesterol Explained: Good, Bad, and What to Do, warm natural lighting (photo 4 of 4, a different angle/moment than the others in this set)"
images/cholesterol/cover.jpg,1000x560,"Cholesterol Explained: Good, Bad, and What to Do","cholesterol molecule illustration, blood vessel cross section, clean medical style"
images/cold-and-flu/carousel-1-1.jpg,700x480,Colds vs. Flu: The Actual Difference,"cozy sick day at home, tea and blanket, warm wellness photography (photo 1 of 4, a different angle/moment than the others in this set)"
images/cold-and-flu/carousel-1-2.jpg,700x480,Colds vs. Flu: The Actual Difference,"cozy sick day at home, tea and blanket, warm wellness photography (photo 2 of 4, a different angle/moment than the others in this set)"
images/cold-and-flu/carousel-1-3.jpg,700x480,Colds vs. Flu: The Actual Difference,"cozy sick day at home, tea and blanket, warm wellness photography (photo 3 of 4, a different angle/moment than the others in this set)"
images/cold-and-flu/carousel-1-4.jpg,700x480,Colds vs. Flu: The Actual Difference,"cozy sick day at home, tea and blanket, warm wellness photography (photo 4 of 4, a different angle/moment than the others in this set)"
images/cold-and-flu/carousel-2-1.jpg,700x480,Colds vs. Flu: The Actual Difference,"everyday healthy lifestyle scene related to Colds vs. Flu: The Actual Difference, warm natural lighting (photo 1 of 4, a different angle/moment than the others in this set)"
images/cold-and-flu/carousel-2-2.jpg,700x480,Colds vs. Flu: The Actual Difference,"everyday healthy lifestyle scene related to Colds vs. Flu: The Actual Difference, warm natural lighting (photo 2 of 4, a different angle/moment than the others in this set)"
images/cold-and-flu/carousel-2-3.jpg,700x480,Colds vs. Flu: The Actual Difference,"everyday healthy lifestyle scene related to Colds vs. Flu: The Actual Difference, warm natural lighting (photo 3 of 4, a different angle/moment than the others in this set)"
images/cold-and-flu/carousel-2-4.jpg,700x480,Colds vs. Flu: The Actual Difference,"everyday healthy lifestyle scene related to Colds vs. Flu: The Actual Difference, warm natural lighting (photo 4 of 4, a different angle/moment than the others in this set)"
images/cold-and-flu/carousel-3-1.jpg,700x480,Colds vs. Flu: The Actual Difference,"everyday healthy lifestyle scene related to Colds vs. Flu: The Actual Difference, warm natural lighting (photo 1 of 4, a different angle/moment than the others in this set)"
images/cold-and-flu/carousel-3-2.jpg,700x480,Colds vs. Flu: The Actual Difference,"everyday healthy lifestyle scene related to Colds vs. Flu: The Actual Difference, warm natural lighting (photo 2 of 4, a different angle/moment than the others in this set)"
images/cold-and-flu/carousel-3-3.jpg,700x480,Colds vs. Flu: The Actual Difference,"everyday healthy lifestyle scene related to Colds vs. Flu: The Actual Difference, warm natural lighting (photo 3 of 4, a different angle/moment than the others in this set)"
images/cold-and-flu/carousel-3-4.jpg,700x480,Colds vs. Flu: The Actual Difference,"everyday healthy lifestyle scene related to Colds vs. Flu: The Actual Difference, warm natural lighting (photo 4 of 4, a different angle/moment than the others in this set)"
images/cold-and-flu/cover.jpg,1000x560,Colds vs. Flu: The Actual Difference,"person resting sick at home, tissues and tea, warm cozy wellness photography"
images/dehydration/carousel-1-1.jpg,700x480,How Dehydration Silently Affects You,"glass of water on desk, hydration reminder, clean lifestyle photography (photo 1 of 4, a different angle/moment than the others in this set)"
images/dehydration/carousel-1-2.jpg,700x480,How Dehydration Silently Affects You,"glass of water on desk, hydration reminder, clean lifestyle photography (photo 2 of 4, a different angle/moment than the others in this set)"
images/dehydration/carousel-1-3.jpg,700x480,How Dehydration Silently Affects You,"glass of water on desk, hydration reminder, clean lifestyle photography (photo 3 of 4, a different angle/moment than the others in this set)"
images/dehydration/carousel-1-4.jpg,700x480,How Dehydration Silently Affects You,"glass of water on desk, hydration reminder, clean lifestyle photography (photo 4 of 4, a different angle/moment than the others in this set)"
images/dehydration/carousel-2-1.jpg,700x480,How Dehydration Silently Affects You,"everyday healthy lifestyle scene related to How Dehydration Silently Affects You, warm natural lighting (photo 1 of 4, a different angle/moment than the others in this set)"
images/dehydration/carousel-2-2.jpg,700x480,How Dehydration Silently Affects You,"everyday healthy lifestyle scene related to How Dehydration Silently Affects You, warm natural lighting (photo 2 of 4, a different angle/moment than the others in this set)"
images/dehydration/carousel-2-3.jpg,700x480,How Dehydration Silently Affects You,"everyday healthy lifestyle scene related to How Dehydration Silently Affects You, warm natural lighting (photo 3 of 4, a different angle/moment than the others in this set)"
images/dehydration/carousel-2-4.jpg,700x480,How Dehydration Silently Affects You,"everyday healthy lifestyle scene related to How Dehydration Silently Affects You, warm natural lighting (photo 4 of 4, a different angle/moment than the others in this set)"
images/dehydration/carousel-3-1.jpg,700x480,How Dehydration Silently Affects You,"everyday healthy lifestyle scene related to How Dehydration Silently Affects You, warm natural lighting (photo 1 of 4, a different angle/moment than the others in this set)"
images/dehydration/carousel-3-2.jpg,700x480,How Dehydration Silently Affects You,"everyday healthy lifestyle scene related to How Dehydration Silently Affects You, warm natural lighting (photo 2 of 4, a different angle/moment than the others in this set)"
images/dehydration/carousel-3-3.jpg,700x480,How Dehydration Silently Affects You,"everyday healthy lifestyle scene related to How Dehydration Silently Affects You, warm natural lighting (photo 3 of 4, a different angle/moment than the others in this set)"
images/dehydration/carousel-3-4.jpg,700x480,How Dehydration Silently Affects You,"everyday healthy lifestyle scene related to How Dehydration Silently Affects You, warm natural lighting (photo 4 of 4, a different angle/moment than the others in this set)"
images/dehydration/cover.jpg,1000x560,How Dehydration Silently Affects You,"glass of water refreshing, hydration, clean lifestyle photography style"
images/eye-health/carousel-1-1.jpg,700x480,Protecting Your Eyes in a Screen-Filled World,"person looking at laptop screen, eye strain, clean lifestyle photography (photo 1 of 4, a different angle/moment than the others in this set)"
images/eye-health/carousel-1-2.jpg,700x480,Protecting Your Eyes in a Screen-Filled World,"person looking at laptop screen, eye strain, clean lifestyle photography (photo 2 of 4, a different angle/moment than the others in this set)"
images/eye-health/carousel-1-3.jpg,700x480,Protecting Your Eyes in a Screen-Filled World,"person looking at laptop screen, eye strain, clean lifestyle photography (photo 3 of 4, a different angle/moment than the others in this set)"
images/eye-health/carousel-1-4.jpg,700x480,Protecting Your Eyes in a Screen-Filled World,"person looking at laptop screen, eye strain, clean lifestyle photography (photo 4 of 4, a different angle/moment than the others in this set)"
images/eye-health/carousel-2-1.jpg,700x480,Protecting Your Eyes in a Screen-Filled World,"everyday healthy lifestyle scene related to Protecting Your Eyes in a Screen-Filled World, warm natural lighting (photo 1 of 4, a different angle/moment than the others in this set)"
images/eye-health/carousel-2-2.jpg,700x480,Protecting Your Eyes in a Screen-Filled World,"everyday healthy lifestyle scene related to Protecting Your Eyes in a Screen-Filled World, warm natural lighting (photo 2 of 4, a different angle/moment than the others in this set)"
images/eye-health/carousel-2-3.jpg,700x480,Protecting Your Eyes in a Screen-Filled World,"everyday healthy lifestyle scene related to Protecting Your Eyes in a Screen-Filled World, warm natural lighting (photo 3 of 4, a different angle/moment than the others in this set)"
images/eye-health/carousel-2-4.jpg,700x480,Protecting Your Eyes in a Screen-Filled World,"everyday healthy lifestyle scene related to Protecting Your Eyes in a Screen-Filled World, warm natural lighting (photo 4 of 4, a different angle/moment than the others in this set)"
images/eye-health/carousel-3-1.jpg,700x480,Protecting Your Eyes in a Screen-Filled World,"everyday healthy lifestyle scene related to Protecting Your Eyes in a Screen-Filled World, warm natural lighting (photo 1 of 4, a different angle/moment than the others in this set)"
images/eye-health/carousel-3-2.jpg,700x480,Protecting Your Eyes in a Screen-Filled World,"everyday healthy lifestyle scene related to Protecting Your Eyes in a Screen-Filled World, warm natural lighting (photo 2 of 4, a different angle/moment than the others in this set)"
images/eye-health/carousel-3-3.jpg,700x480,Protecting Your Eyes in a Screen-Filled World,"everyday healthy lifestyle scene related to Protecting Your Eyes in a Screen-Filled World, warm natural lighting (photo 3 of 4, a different angle/moment than the others in this set)"
images/eye-health/carousel-3-4.jpg,700x480,Protecting Your Eyes in a Screen-Filled World,"everyday healthy lifestyle scene related to Protecting Your Eyes in a Screen-Filled World, warm natural lighting (photo 4 of 4, a different angle/moment than the others in this set)"
images/eye-health/cover.jpg,1000x560,Protecting Your Eyes in a Screen-Filled World,"healthy human eye closeup, clean medical style, soft blue tones"
images/gut-health/carousel-1-1.jpg,700x480,Understanding Your Gut: Digestive Health,"gut bacteria microbiome illustration, colorful medical style (photo 1 of 4, a different angle/moment than the others in this set)"
images/gut-health/carousel-1-2.jpg,700x480,Understanding Your Gut: Digestive Health,"gut bacteria microbiome illustration, colorful medical style (photo 2 of 4, a different angle/moment than the others in this set)"
images/gut-health/carousel-1-3.jpg,700x480,Understanding Your Gut: Digestive Health,"gut bacteria microbiome illustration, colorful medical style (photo 3 of 4, a different angle/moment than the others in this set)"
images/gut-health/carousel-1-4.jpg,700x480,Understanding Your Gut: Digestive Health,"gut bacteria microbiome illustration, colorful medical style (photo 4 of 4, a different angle/moment than the others in this set)"
images/gut-health/carousel-2-1.jpg,700x480,Understanding Your Gut: Digestive Health,"everyday healthy lifestyle scene related to Understanding Your Gut: Digestive Health, warm natural lighting (photo 1 of 4, a different angle/moment than the others in this set)"
images/gut-health/carousel-2-2.jpg,700x480,Understanding Your Gut: Digestive Health,"everyday healthy lifestyle scene related to Understanding Your Gut: Digestive Health, warm natural lighting (photo 2 of 4, a different angle/moment than the others in this set)"
images/gut-health/carousel-2-3.jpg,700x480,Understanding Your Gut: Digestive Health,"everyday healthy lifestyle scene related to Understanding Your Gut: Digestive Health, warm natural lighting (photo 3 of 4, a different angle/moment than the others in this set)"
images/gut-health/carousel-2-4.jpg,700x480,Understanding Your Gut: Digestive Health,"everyday healthy lifestyle scene related to Understanding Your Gut: Digestive Health, warm natural lighting (photo 4 of 4, a different angle/moment than the others in this set)"
images/gut-health/carousel-3-1.jpg,700x480,Understanding Your Gut: Digestive Health,"everyday healthy lifestyle scene related to Understanding Your Gut: Digestive Health, warm natural lighting (photo 1 of 4, a different angle/moment than the others in this set)"
images/gut-health/carousel-3-2.jpg,700x480,Understanding Your Gut: Digestive Health,"everyday healthy lifestyle scene related to Understanding Your Gut: Digestive Health, warm natural lighting (photo 2 of 4, a different angle/moment than the others in this set)"
images/gut-health/carousel-3-3.jpg,700x480,Understanding Your Gut: Digestive Health,"everyday healthy lifestyle scene related to Understanding Your Gut: Digestive Health, warm natural lighting (photo 3 of 4, a different angle/moment than the others in this set)"
images/gut-health/carousel-3-4.jpg,700x480,Understanding Your Gut: Digestive Health,"everyday healthy lifestyle scene related to Understanding Your Gut: Digestive Health, warm natural lighting (photo 4 of 4, a different angle/moment than the others in this set)"
images/gut-health/cover.jpg,1000x560,Understanding Your Gut: Digestive Health,"gut microbiome illustration, digestive system, clean medical style, green and blue tones"
images/hair-health/carousel-1-1.jpg,700x480,Why Hair Becomes Weak or Thin,"hair strand closeup texture, healthy hair, clean beauty photography (photo 1 of 4, a different angle/moment than the others in this set)"
images/hair-health/carousel-1-2.jpg,700x480,Why Hair Becomes Weak or Thin,"hair strand closeup texture, healthy hair, clean beauty photography (photo 2 of 4, a different angle/moment than the others in this set)"
images/hair-health/carousel-1-3.jpg,700x480,Why Hair Becomes Weak or Thin,"hair strand closeup texture, healthy hair, clean beauty photography (photo 3 of 4, a different angle/moment than the others in this set)"
images/hair-health/carousel-1-4.jpg,700x480,Why Hair Becomes Weak or Thin,"hair strand closeup texture, healthy hair, clean beauty photography (photo 4 of 4, a different angle/moment than the others in this set)"
images/hair-health/carousel-2-1.jpg,700x480,Why Hair Becomes Weak or Thin,"everyday healthy lifestyle scene related to Why Hair Becomes Weak or Thin, warm natural lighting (photo 1 of 4, a different angle/moment than the others in this set)"
images/hair-health/carousel-2-2.jpg,700x480,Why Hair Becomes Weak or Thin,"everyday healthy lifestyle scene related to Why Hair Becomes Weak or Thin, warm natural lighting (photo 2 of 4, a different angle/moment than the others in this set)"
images/hair-health/carousel-2-3.jpg,700x480,Why Hair Becomes Weak or Thin,"everyday healthy lifestyle scene related to Why Hair Becomes Weak or Thin, warm natural lighting (photo 3 of 4, a different angle/moment than the others in this set)"
images/hair-health/carousel-2-4.jpg,700x480,Why Hair Becomes Weak or Thin,"everyday healthy lifestyle scene related to Why Hair Becomes Weak or Thin, warm natural lighting (photo 4 of 4, a different angle/moment than the others in this set)"
images/hair-health/carousel-3-1.jpg,700x480,Why Hair Becomes Weak or Thin,"everyday healthy lifestyle scene related to Why Hair Becomes Weak or Thin, warm natural lighting (photo 1 of 4, a different angle/moment than the others in this set)"
images/hair-health/carousel-3-2.jpg,700x480,Why Hair Becomes Weak or Thin,"everyday healthy lifestyle scene related to Why Hair Becomes Weak or Thin, warm natural lighting (photo 2 of 4, a different angle/moment than the others in this set)"
images/hair-health/carousel-3-3.jpg,700x480,Why Hair Becomes Weak or Thin,"everyday healthy lifestyle scene related to Why Hair Becomes Weak or Thin, warm natural lighting (photo 3 of 4, a different angle/moment than the others in this set)"
images/hair-health/carousel-3-4.jpg,700x480,Why Hair Becomes Weak or Thin,"everyday healthy lifestyle scene related to Why Hair Becomes Weak or Thin, warm natural lighting (photo 4 of 4, a different angle/moment than the others in this set)"
images/hair-health/cover.jpg,1000x560,Why Hair Becomes Weak or Thin,"healthy shiny hair closeup, haircare, clean beauty photography style"
images/heart-health/carousel-1-1.jpg,700x480,Understanding Your Heart: A Simple Guide to Heart Health,"heart anatomy cross section diagram, medical illustration, clean background (photo 1 of 4, a different angle/moment than the others in this set)"
images/heart-health/carousel-1-2.jpg,700x480,Understanding Your Heart: A Simple Guide to Heart Health,"heart anatomy cross section diagram, medical illustration, clean background (photo 2 of 4, a different angle/moment than the others in this set)"
images/heart-health/carousel-1-3.jpg,700x480,Understanding Your Heart: A Simple Guide to Heart Health,"heart anatomy cross section diagram, medical illustration, clean background (photo 3 of 4, a different angle/moment than the others in this set)"
images/heart-health/carousel-1-4.jpg,700x480,Understanding Your Heart: A Simple Guide to Heart Health,"heart anatomy cross section diagram, medical illustration, clean background (photo 4 of 4, a different angle/moment than the others in this set)"
images/heart-health/carousel-2-1.jpg,700x480,Understanding Your Heart: A Simple Guide to Heart Health,"everyday healthy lifestyle scene related to Understanding Your Heart: A Simple Guide to Heart Health, warm natural lighting (photo 1 of 4, a different angle/moment than the others in this set)"
images/heart-health/carousel-2-2.jpg,700x480,Understanding Your Heart: A Simple Guide to Heart Health,"everyday healthy lifestyle scene related to Understanding Your Heart: A Simple Guide to Heart Health, warm natural lighting (photo 2 of 4, a different angle/moment than the others in this set)"
images/heart-health/carousel-2-3.jpg,700x480,Understanding Your Heart: A Simple Guide to Heart Health,"everyday healthy lifestyle scene related to Understanding Your Heart: A Simple Guide to Heart Health, warm natural lighting (photo 3 of 4, a different angle/moment than the others in this set)"
images/heart-health/carousel-2-4.jpg,700x480,Understanding Your Heart: A Simple Guide to Heart Health,"everyday healthy lifestyle scene related to Understanding Your Heart: A Simple Guide to Heart Health, warm natural lighting (photo 4 of 4, a different angle/moment than the others in this set)"
images/heart-health/carousel-3-1.jpg,700x480,Understanding Your Heart: A Simple Guide to Heart Health,"everyday healthy lifestyle scene related to Understanding Your Heart: A Simple Guide to Heart Health, warm natural lighting (photo 1 of 4, a different angle/moment than the others in this set)"
images/heart-health/carousel-3-2.jpg,700x480,Understanding Your Heart: A Simple Guide to Heart Health,"everyday healthy lifestyle scene related to Understanding Your Heart: A Simple Guide to Heart Health, warm natural lighting (photo 2 of 4, a different angle/moment than the others in this set)"
images/heart-health/carousel-3-3.jpg,700x480,Understanding Your Heart: A Simple Guide to Heart Health,"everyday healthy lifestyle scene related to Understanding Your Heart: A Simple Guide to Heart Health, warm natural lighting (photo 3 of 4, a different angle/moment than the others in this set)"
images/heart-health/carousel-3-4.jpg,700x480,Understanding Your Heart: A Simple Guide to Heart Health,"everyday healthy lifestyle scene related to Understanding Your Heart: A Simple Guide to Heart Health, warm natural lighting (photo 4 of 4, a different angle/moment than the others in this set)"
images/heart-health/cover.jpg,1000x560,Understanding Your Heart: A Simple Guide to Heart Health,"human heart anatomy illustration, clean medical style, red and blue tones, professional"
images/immune-system/carousel-1-1.jpg,700x480,How Your Immune System Really Works,"white blood cells attacking virus, immune response, medical illustration (photo 1 of 4, a different angle/moment than the others in this set)"
images/immune-system/carousel-1-2.jpg,700x480,How Your Immune System Really Works,"white blood cells attacking virus, immune response, medical illustration (photo 2 of 4, a different angle/moment than the others in this set)"
images/immune-system/carousel-1-3.jpg,700x480,How Your Immune System Really Works,"white blood cells attacking virus, immune response, medical illustration (photo 3 of 4, a different angle/moment than the others in this set)"
images/immune-system/carousel-1-4.jpg,700x480,How Your Immune System Really Works,"white blood cells attacking virus, immune response, medical illustration (photo 4 of 4, a different angle/moment than the others in this set)"
images/immune-system/carousel-2-1.jpg,700x480,How Your Immune System Really Works,"everyday healthy lifestyle scene related to How Your Immune System Really Works, warm natural lighting (photo 1 of 4, a different angle/moment than the others in this set)"
images/immune-system/carousel-2-2.jpg,700x480,How Your Immune System Really Works,"everyday healthy lifestyle scene related to How Your Immune System Really Works, warm natural lighting (photo 2 of 4, a different angle/moment than the others in this set)"
images/immune-system/carousel-2-3.jpg,700x480,How Your Immune System Really Works,"everyday healthy lifestyle scene related to How Your Immune System Really Works, warm natural lighting (photo 3 of 4, a different angle/moment than the others in this set)"
images/immune-system/carousel-2-4.jpg,700x480,How Your Immune System Really Works,"everyday healthy lifestyle scene related to How Your Immune System Really Works, warm natural lighting (photo 4 of 4, a different angle/moment than the others in this set)"
images/immune-system/carousel-3-1.jpg,700x480,How Your Immune System Really Works,"everyday healthy lifestyle scene related to How Your Immune System Really Works, warm natural lighting (photo 1 of 4, a different angle/moment than the others in this set)"
images/immune-system/carousel-3-2.jpg,700x480,How Your Immune System Really Works,"everyday healthy lifestyle scene related to How Your Immune System Really Works, warm natural lighting (photo 2 of 4, a different angle/moment than the others in this set)"
images/immune-system/carousel-3-3.jpg,700x480,How Your Immune System Really Works,"everyday healthy lifestyle scene related to How Your Immune System Really Works, warm natural lighting (photo 3 of 4, a different angle/moment than the others in this set)"
images/immune-system/carousel-3-4.jpg,700x480,How Your Immune System Really Works,"everyday healthy lifestyle scene related to How Your Immune System Really Works, warm natural lighting (photo 4 of 4, a different angle/moment than the others in this set)"
images/immune-system/cover.jpg,1000x560,How Your Immune System Really Works,"immune system white blood cells illustration, clean medical style, blue and white tones"
images/joint-bone-health/carousel-1-1.jpg,700x480,Keeping Your Joints and Bones Strong,"joint cartilage cross section, knee anatomy, medical illustration style (photo 1 of 4, a different angle/moment than the others in this set)"
images/joint-bone-health/carousel-1-2.jpg,700x480,Keeping Your Joints and Bones Strong,"joint cartilage cross section, knee anatomy, medical illustration style (photo 2 of 4, a different angle/moment than the others in this set)"
images/joint-bone-health/carousel-1-3.jpg,700x480,Keeping Your Joints and Bones Strong,"joint cartilage cross section, knee anatomy, medical illustration style (photo 3 of 4, a different angle/moment than the others in this set)"
images/joint-bone-health/carousel-1-4.jpg,700x480,Keeping Your Joints and Bones Strong,"joint cartilage cross section, knee anatomy, medical illustration style (photo 4 of 4, a different angle/moment than the others in this set)"
images/joint-bone-health/carousel-2-1.jpg,700x480,Keeping Your Joints and Bones Strong,"everyday healthy lifestyle scene related to Keeping Your Joints and Bones Strong, warm natural lighting (photo 1 of 4, a different angle/moment than the others in this set)"
images/joint-bone-health/carousel-2-2.jpg,700x480,Keeping Your Joints and Bones Strong,"everyday healthy lifestyle scene related to Keeping Your Joints and Bones Strong, warm natural lighting (photo 2 of 4, a different angle/moment than the others in this set)"
images/joint-bone-health/carousel-2-3.jpg,700x480,Keeping Your Joints and Bones Strong,"everyday healthy lifestyle scene related to Keeping Your Joints and Bones Strong, warm natural lighting (photo 3 of 4, a different angle/moment than the others in this set)"
images/joint-bone-health/carousel-2-4.jpg,700x480,Keeping Your Joints and Bones Strong,"everyday healthy lifestyle scene related to Keeping Your Joints and Bones Strong, warm natural lighting (photo 4 of 4, a different angle/moment than the others in this set)"
images/joint-bone-health/carousel-3-1.jpg,700x480,Keeping Your Joints and Bones Strong,"everyday healthy lifestyle scene related to Keeping Your Joints and Bones Strong, warm natural lighting (photo 1 of 4, a different angle/moment than the others in this set)"
images/joint-bone-health/carousel-3-2.jpg,700x480,Keeping Your Joints and Bones Strong,"everyday healthy lifestyle scene related to Keeping Your Joints and Bones Strong, warm natural lighting (photo 2 of 4, a different angle/moment than the others in this set)"
images/joint-bone-health/carousel-3-3.jpg,700x480,Keeping Your Joints and Bones Strong,"everyday healthy lifestyle scene related to Keeping Your Joints and Bones Strong, warm natural lighting (photo 3 of 4, a different angle/moment than the others in this set)"
images/joint-bone-health/carousel-3-4.jpg,700x480,Keeping Your Joints and Bones Strong,"everyday healthy lifestyle scene related to Keeping Your Joints and Bones Strong, warm natural lighting (photo 4 of 4, a different angle/moment than the others in this set)"
images/joint-bone-health/cover.jpg,1000x560,Keeping Your Joints and Bones Strong,"joint and bone anatomy illustration, clean medical style, blue and white tones"
images/kidney-health/carousel-1-1.jpg,700x480,Understanding Your Kidneys,"kidney anatomy diagram, filtration system, medical illustration style (photo 1 of 4, a different angle/moment than the others in this set)"
images/kidney-health/carousel-1-2.jpg,700x480,Understanding Your Kidneys,"kidney anatomy diagram, filtration system, medical illustration style (photo 2 of 4, a different angle/moment than the others in this set)"
images/kidney-health/carousel-1-3.jpg,700x480,Understanding Your Kidneys,"kidney anatomy diagram, filtration system, medical illustration style (photo 3 of 4, a different angle/moment than the others in this set)"
images/kidney-health/carousel-1-4.jpg,700x480,Understanding Your Kidneys,"kidney anatomy diagram, filtration system, medical illustration style (photo 4 of 4, a different angle/moment than the others in this set)"
images/kidney-health/carousel-2-1.jpg,700x480,Understanding Your Kidneys,"everyday healthy lifestyle scene related to Understanding Your Kidneys, warm natural lighting (photo 1 of 4, a different angle/moment than the others in this set)"
images/kidney-health/carousel-2-2.jpg,700x480,Understanding Your Kidneys,"everyday healthy lifestyle scene related to Understanding Your Kidneys, warm natural lighting (photo 2 of 4, a different angle/moment than the others in this set)"
images/kidney-health/carousel-2-3.jpg,700x480,Understanding Your Kidneys,"everyday healthy lifestyle scene related to Understanding Your Kidneys, warm natural lighting (photo 3 of 4, a different angle/moment than the others in this set)"
images/kidney-health/carousel-2-4.jpg,700x480,Understanding Your Kidneys,"everyday healthy lifestyle scene related to Understanding Your Kidneys, warm natural lighting (photo 4 of 4, a different angle/moment than the others in this set)"
images/kidney-health/carousel-3-1.jpg,700x480,Understanding Your Kidneys,"everyday healthy lifestyle scene related to Understanding Your Kidneys, warm natural lighting (photo 1 of 4, a different angle/moment than the others in this set)"
images/kidney-health/carousel-3-2.jpg,700x480,Understanding Your Kidneys,"everyday healthy lifestyle scene related to Understanding Your Kidneys, warm natural lighting (photo 2 of 4, a different angle/moment than the others in this set)"
images/kidney-health/carousel-3-3.jpg,700x480,Understanding Your Kidneys,"everyday healthy lifestyle scene related to Understanding Your Kidneys, warm natural lighting (photo 3 of 4, a different angle/moment than the others in this set)"
images/kidney-health/carousel-3-4.jpg,700x480,Understanding Your Kidneys,"everyday healthy lifestyle scene related to Understanding Your Kidneys, warm natural lighting (photo 4 of 4, a different angle/moment than the others in this set)"
images/kidney-health/cover.jpg,1000x560,Understanding Your Kidneys,"human kidney anatomy illustration, clean medical style, blue tones"
images/oral-health/carousel-1-1.jpg,700x480,"Mouth Ulcers, Sores, and Oral Germs","mouth oral health illustration, dental care, clean medical style (photo 1 of 4, a different angle/moment than the others in this set)"
images/oral-health/carousel-1-2.jpg,700x480,"Mouth Ulcers, Sores, and Oral Germs","mouth oral health illustration, dental care, clean medical style (photo 2 of 4, a different angle/moment than the others in this set)"
images/oral-health/carousel-1-3.jpg,700x480,"Mouth Ulcers, Sores, and Oral Germs","mouth oral health illustration, dental care, clean medical style (photo 3 of 4, a different angle/moment than the others in this set)"
images/oral-health/carousel-1-4.jpg,700x480,"Mouth Ulcers, Sores, and Oral Germs","mouth oral health illustration, dental care, clean medical style (photo 4 of 4, a different angle/moment than the others in this set)"
images/oral-health/carousel-2-1.jpg,700x480,"Mouth Ulcers, Sores, and Oral Germs","everyday healthy lifestyle scene related to Mouth Ulcers, Sores, and Oral Germs, warm natural lighting (photo 1 of 4, a different angle/moment than the others in this set)"
images/oral-health/carousel-2-2.jpg,700x480,"Mouth Ulcers, Sores, and Oral Germs","everyday healthy lifestyle scene related to Mouth Ulcers, Sores, and Oral Germs, warm natural lighting (photo 2 of 4, a different angle/moment than the others in this set)"
images/oral-health/carousel-2-3.jpg,700x480,"Mouth Ulcers, Sores, and Oral Germs","everyday healthy lifestyle scene related to Mouth Ulcers, Sores, and Oral Germs, warm natural lighting (photo 3 of 4, a different angle/moment than the others in this set)"
images/oral-health/carousel-2-4.jpg,700x480,"Mouth Ulcers, Sores, and Oral Germs","everyday healthy lifestyle scene related to Mouth Ulcers, Sores, and Oral Germs, warm natural lighting (photo 4 of 4, a different angle/moment than the others in this set)"
images/oral-health/carousel-3-1.jpg,700x480,"Mouth Ulcers, Sores, and Oral Germs","everyday healthy lifestyle scene related to Mouth Ulcers, Sores, and Oral Germs, warm natural lighting (photo 1 of 4, a different angle/moment than the others in this set)"
images/oral-health/carousel-3-2.jpg,700x480,"Mouth Ulcers, Sores, and Oral Germs","everyday healthy lifestyle scene related to Mouth Ulcers, Sores, and Oral Germs, warm natural lighting (photo 2 of 4, a different angle/moment than the others in this set)"
images/oral-health/carousel-3-3.jpg,700x480,"Mouth Ulcers, Sores, and Oral Germs","everyday healthy lifestyle scene related to Mouth Ulcers, Sores, and Oral Germs, warm natural lighting (photo 3 of 4, a different angle/moment than the others in this set)"
images/oral-health/carousel-3-4.jpg,700x480,"Mouth Ulcers, Sores, and Oral Germs","everyday healthy lifestyle scene related to Mouth Ulcers, Sores, and Oral Germs, warm natural lighting (photo 4 of 4, a different angle/moment than the others in this set)"
images/oral-health/cover.jpg,1000x560,"Mouth Ulcers, Sores, and Oral Germs","healthy smile close up, oral health, clean dental medical style"
images/screen-time/carousel-1-1.jpg,700x480,How to Reduce Screen Time Without Feeling Deprived,"phone home screen minimal apps, digital wellbeing, clean lifestyle photo (photo 1 of 4, a different angle/moment than the others in this set)"
images/screen-time/carousel-1-2.jpg,700x480,How to Reduce Screen Time Without Feeling Deprived,"phone home screen minimal apps, digital wellbeing, clean lifestyle photo (photo 2 of 4, a different angle/moment than the others in this set)"
images/screen-time/carousel-1-3.jpg,700x480,How to Reduce Screen Time Without Feeling Deprived,"phone home screen minimal apps, digital wellbeing, clean lifestyle photo (photo 3 of 4, a different angle/moment than the others in this set)"
images/screen-time/carousel-1-4.jpg,700x480,How to Reduce Screen Time Without Feeling Deprived,"phone home screen minimal apps, digital wellbeing, clean lifestyle photo (photo 4 of 4, a different angle/moment than the others in this set)"
images/screen-time/carousel-2-1.jpg,700x480,How to Reduce Screen Time Without Feeling Deprived,"everyday healthy lifestyle scene related to How to Reduce Screen Time Without Feeling Deprived, warm natural lighting (photo 1 of 4, a different angle/moment than the others in this set)"
images/screen-time/carousel-2-2.jpg,700x480,How to Reduce Screen Time Without Feeling Deprived,"everyday healthy lifestyle scene related to How to Reduce Screen Time Without Feeling Deprived, warm natural lighting (photo 2 of 4, a different angle/moment than the others in this set)"
images/screen-time/carousel-2-3.jpg,700x480,How to Reduce Screen Time Without Feeling Deprived,"everyday healthy lifestyle scene related to How to Reduce Screen Time Without Feeling Deprived, warm natural lighting (photo 3 of 4, a different angle/moment than the others in this set)"
images/screen-time/carousel-2-4.jpg,700x480,How to Reduce Screen Time Without Feeling Deprived,"everyday healthy lifestyle scene related to How to Reduce Screen Time Without Feeling Deprived, warm natural lighting (photo 4 of 4, a different angle/moment than the others in this set)"
images/screen-time/carousel-3-1.jpg,700x480,How to Reduce Screen Time Without Feeling Deprived,"everyday healthy lifestyle scene related to How to Reduce Screen Time Without Feeling Deprived, warm natural lighting (photo 1 of 4, a different angle/moment than the others in this set)"
images/screen-time/carousel-3-2.jpg,700x480,How to Reduce Screen Time Without Feeling Deprived,"everyday healthy lifestyle scene related to How to Reduce Screen Time Without Feeling Deprived, warm natural lighting (photo 2 of 4, a different angle/moment than the others in this set)"
images/screen-time/carousel-3-3.jpg,700x480,How to Reduce Screen Time Without Feeling Deprived,"everyday healthy lifestyle scene related to How to Reduce Screen Time Without Feeling Deprived, warm natural lighting (photo 3 of 4, a different angle/moment than the others in this set)"
images/screen-time/carousel-3-4.jpg,700x480,How to Reduce Screen Time Without Feeling Deprived,"everyday healthy lifestyle scene related to How to Reduce Screen Time Without Feeling Deprived, warm natural lighting (photo 4 of 4, a different angle/moment than the others in this set)"
images/screen-time/cover.jpg,1000x560,How to Reduce Screen Time Without Feeling Deprived,"phone on table, digital wellbeing, calm minimal lifestyle photo style"
images/skin-health/carousel-1-1.jpg,700x480,What Your Skin Is Trying to Tell You,"skin barrier layers illustration, dermatology, clean medical style (photo 1 of 4, a different angle/moment than the others in this set)"
images/skin-health/carousel-1-2.jpg,700x480,What Your Skin Is Trying to Tell You,"skin barrier layers illustration, dermatology, clean medical style (photo 2 of 4, a different angle/moment than the others in this set)"
images/skin-health/carousel-1-3.jpg,700x480,What Your Skin Is Trying to Tell You,"skin barrier layers illustration, dermatology, clean medical style (photo 3 of 4, a different angle/moment than the others in this set)"
images/skin-health/carousel-1-4.jpg,700x480,What Your Skin Is Trying to Tell You,"skin barrier layers illustration, dermatology, clean medical style (photo 4 of 4, a different angle/moment than the others in this set)"
images/skin-health/carousel-2-1.jpg,700x480,What Your Skin Is Trying to Tell You,"everyday healthy lifestyle scene related to What Your Skin Is Trying to Tell You, warm natural lighting (photo 1 of 4, a different angle/moment than the others in this set)"
images/skin-health/carousel-2-2.jpg,700x480,What Your Skin Is Trying to Tell You,"everyday healthy lifestyle scene related to What Your Skin Is Trying to Tell You, warm natural lighting (photo 2 of 4, a different angle/moment than the others in this set)"
images/skin-health/carousel-2-3.jpg,700x480,What Your Skin Is Trying to Tell You,"everyday healthy lifestyle scene related to What Your Skin Is Trying to Tell You, warm natural lighting (photo 3 of 4, a different angle/moment than the others in this set)"
images/skin-health/carousel-2-4.jpg,700x480,What Your Skin Is Trying to Tell You,"everyday healthy lifestyle scene related to What Your Skin Is Trying to Tell You, warm natural lighting (photo 4 of 4, a different angle/moment than the others in this set)"
images/skin-health/carousel-3-1.jpg,700x480,What Your Skin Is Trying to Tell You,"everyday healthy lifestyle scene related to What Your Skin Is Trying to Tell You, warm natural lighting (photo 1 of 4, a different angle/moment than the others in this set)"
images/skin-health/carousel-3-2.jpg,700x480,What Your Skin Is Trying to Tell You,"everyday healthy lifestyle scene related to What Your Skin Is Trying to Tell You, warm natural lighting (photo 2 of 4, a different angle/moment than the others in this set)"
images/skin-health/carousel-3-3.jpg,700x480,What Your Skin Is Trying to Tell You,"everyday healthy lifestyle scene related to What Your Skin Is Trying to Tell You, warm natural lighting (photo 3 of 4, a different angle/moment than the others in this set)"
images/skin-health/carousel-3-4.jpg,700x480,What Your Skin Is Trying to Tell You,"everyday healthy lifestyle scene related to What Your Skin Is Trying to Tell You, warm natural lighting (photo 4 of 4, a different angle/moment than the others in this set)"
images/skin-health/cover.jpg,1000x560,What Your Skin Is Trying to Tell You,"healthy skin closeup, dermatology, clean minimal medical style, soft natural tones"
images/stress-hormones-cortisol/carousel-1-1.jpg,700x480,Cortisol and Chronic Stress: What's Actually Happening,"calm person meditating, stress relief, clean wellness illustration (photo 1 of 4, a different angle/moment than the others in this set)"
images/stress-hormones-cortisol/carousel-1-2.jpg,700x480,Cortisol and Chronic Stress: What's Actually Happening,"calm person meditating, stress relief, clean wellness illustration (photo 2 of 4, a different angle/moment than the others in this set)"
images/stress-hormones-cortisol/carousel-1-3.jpg,700x480,Cortisol and Chronic Stress: What's Actually Happening,"calm person meditating, stress relief, clean wellness illustration (photo 3 of 4, a different angle/moment than the others in this set)"
images/stress-hormones-cortisol/carousel-1-4.jpg,700x480,Cortisol and Chronic Stress: What's Actually Happening,"calm person meditating, stress relief, clean wellness illustration (photo 4 of 4, a different angle/moment than the others in this set)"
images/stress-hormones-cortisol/carousel-2-1.jpg,700x480,Cortisol and Chronic Stress: What's Actually Happening,"everyday healthy lifestyle scene related to Cortisol and Chronic Stress: What's Actually Happening, warm natural lighting (photo 1 of 4, a different angle/moment than the others in this set)"
images/stress-hormones-cortisol/carousel-2-2.jpg,700x480,Cortisol and Chronic Stress: What's Actually Happening,"everyday healthy lifestyle scene related to Cortisol and Chronic Stress: What's Actually Happening, warm natural lighting (photo 2 of 4, a different angle/moment than the others in this set)"
images/stress-hormones-cortisol/carousel-2-3.jpg,700x480,Cortisol and Chronic Stress: What's Actually Happening,"everyday healthy lifestyle scene related to Cortisol and Chronic Stress: What's Actually Happening, warm natural lighting (photo 3 of 4, a different angle/moment than the others in this set)"
images/stress-hormones-cortisol/carousel-2-4.jpg,700x480,Cortisol and Chronic Stress: What's Actually Happening,"everyday healthy lifestyle scene related to Cortisol and Chronic Stress: What's Actually Happening, warm natural lighting (photo 4 of 4, a different angle/moment than the others in this set)"
images/stress-hormones-cortisol/carousel-3-1.jpg,700x480,Cortisol and Chronic Stress: What's Actually Happening,"everyday healthy lifestyle scene related to Cortisol and Chronic Stress: What's Actually Happening, warm natural lighting (photo 1 of 4, a different angle/moment than the others in this set)"
images/stress-hormones-cortisol/carousel-3-2.jpg,700x480,Cortisol and Chronic Stress: What's Actually Happening,"everyday healthy lifestyle scene related to Cortisol and Chronic Stress: What's Actually Happening, warm natural lighting (photo 2 of 4, a different angle/moment than the others in this set)"
images/stress-hormones-cortisol/carousel-3-3.jpg,700x480,Cortisol and Chronic Stress: What's Actually Happening,"everyday healthy lifestyle scene related to Cortisol and Chronic Stress: What's Actually Happening, warm natural lighting (photo 3 of 4, a different angle/moment than the others in this set)"
images/stress-hormones-cortisol/carousel-3-4.jpg,700x480,Cortisol and Chronic Stress: What's Actually Happening,"everyday healthy lifestyle scene related to Cortisol and Chronic Stress: What's Actually Happening, warm natural lighting (photo 4 of 4, a different angle/moment than the others in this set)"
images/stress-hormones-cortisol/cover.jpg,1000x560,Cortisol and Chronic Stress: What's Actually Happening,"stress hormone cortisol illustration, calm person, clean medical style"
images/stretches/carousel-1-1.jpg,700x480,Simple Stretches for People Who Sit All Day,"person doing neck stretch at desk, office wellness, clean photo style (photo 1 of 4, a different angle/moment than the others in this set)"
images/stretches/carousel-1-2.jpg,700x480,Simple Stretches for People Who Sit All Day,"person doing neck stretch at desk, office wellness, clean photo style (photo 2 of 4, a different angle/moment than the others in this set)"
images/stretches/carousel-1-3.jpg,700x480,Simple Stretches for People Who Sit All Day,"person doing neck stretch at desk, office wellness, clean photo style (photo 3 of 4, a different angle/moment than the others in this set)"
images/stretches/carousel-1-4.jpg,700x480,Simple Stretches for People Who Sit All Day,"person doing neck stretch at desk, office wellness, clean photo style (photo 4 of 4, a different angle/moment than the others in this set)"
images/stretches/carousel-2-1.jpg,700x480,Simple Stretches for People Who Sit All Day,"everyday healthy lifestyle scene related to Simple Stretches for People Who Sit All Day, warm natural lighting (photo 1 of 4, a different angle/moment than the others in this set)"
images/stretches/carousel-2-2.jpg,700x480,Simple Stretches for People Who Sit All Day,"everyday healthy lifestyle scene related to Simple Stretches for People Who Sit All Day, warm natural lighting (photo 2 of 4, a different angle/moment than the others in this set)"
images/stretches/carousel-2-3.jpg,700x480,Simple Stretches for People Who Sit All Day,"everyday healthy lifestyle scene related to Simple Stretches for People Who Sit All Day, warm natural lighting (photo 3 of 4, a different angle/moment than the others in this set)"
images/stretches/carousel-2-4.jpg,700x480,Simple Stretches for People Who Sit All Day,"everyday healthy lifestyle scene related to Simple Stretches for People Who Sit All Day, warm natural lighting (photo 4 of 4, a different angle/moment than the others in this set)"
images/stretches/carousel-3-1.jpg,700x480,Simple Stretches for People Who Sit All Day,"everyday healthy lifestyle scene related to Simple Stretches for People Who Sit All Day, warm natural lighting (photo 1 of 4, a different angle/moment than the others in this set)"
images/stretches/carousel-3-2.jpg,700x480,Simple Stretches for People Who Sit All Day,"everyday healthy lifestyle scene related to Simple Stretches for People Who Sit All Day, warm natural lighting (photo 2 of 4, a different angle/moment than the others in this set)"
images/stretches/carousel-3-3.jpg,700x480,Simple Stretches for People Who Sit All Day,"everyday healthy lifestyle scene related to Simple Stretches for People Who Sit All Day, warm natural lighting (photo 3 of 4, a different angle/moment than the others in this set)"
images/stretches/carousel-3-4.jpg,700x480,Simple Stretches for People Who Sit All Day,"everyday healthy lifestyle scene related to Simple Stretches for People Who Sit All Day, warm natural lighting (photo 4 of 4, a different angle/moment than the others in this set)"
images/stretches/cover.jpg,1000x560,Simple Stretches for People Who Sit All Day,"person stretching at desk, office wellness, clean lifestyle photo style"
images/thyroid-health/carousel-1-1.jpg,700x480,Your Thyroid: The Small Gland With a Big Job,"thyroid gland butterfly shape, neck anatomy, medical illustration (photo 1 of 4, a different angle/moment than the others in this set)"
images/thyroid-health/carousel-1-2.jpg,700x480,Your Thyroid: The Small Gland With a Big Job,"thyroid gland butterfly shape, neck anatomy, medical illustration (photo 2 of 4, a different angle/moment than the others in this set)"
images/thyroid-health/carousel-1-3.jpg,700x480,Your Thyroid: The Small Gland With a Big Job,"thyroid gland butterfly shape, neck anatomy, medical illustration (photo 3 of 4, a different angle/moment than the others in this set)"
images/thyroid-health/carousel-1-4.jpg,700x480,Your Thyroid: The Small Gland With a Big Job,"thyroid gland butterfly shape, neck anatomy, medical illustration (photo 4 of 4, a different angle/moment than the others in this set)"
images/thyroid-health/carousel-2-1.jpg,700x480,Your Thyroid: The Small Gland With a Big Job,"everyday healthy lifestyle scene related to Your Thyroid: The Small Gland With a Big Job, warm natural lighting (photo 1 of 4, a different angle/moment than the others in this set)"
images/thyroid-health/carousel-2-2.jpg,700x480,Your Thyroid: The Small Gland With a Big Job,"everyday healthy lifestyle scene related to Your Thyroid: The Small Gland With a Big Job, warm natural lighting (photo 2 of 4, a different angle/moment than the others in this set)"
images/thyroid-health/carousel-2-3.jpg,700x480,Your Thyroid: The Small Gland With a Big Job,"everyday healthy lifestyle scene related to Your Thyroid: The Small Gland With a Big Job, warm natural lighting (photo 3 of 4, a different angle/moment than the others in this set)"
images/thyroid-health/carousel-2-4.jpg,700x480,Your Thyroid: The Small Gland With a Big Job,"everyday healthy lifestyle scene related to Your Thyroid: The Small Gland With a Big Job, warm natural lighting (photo 4 of 4, a different angle/moment than the others in this set)"
images/thyroid-health/carousel-3-1.jpg,700x480,Your Thyroid: The Small Gland With a Big Job,"everyday healthy lifestyle scene related to Your Thyroid: The Small Gland With a Big Job, warm natural lighting (photo 1 of 4, a different angle/moment than the others in this set)"
images/thyroid-health/carousel-3-2.jpg,700x480,Your Thyroid: The Small Gland With a Big Job,"everyday healthy lifestyle scene related to Your Thyroid: The Small Gland With a Big Job, warm natural lighting (photo 2 of 4, a different angle/moment than the others in this set)"
images/thyroid-health/carousel-3-3.jpg,700x480,Your Thyroid: The Small Gland With a Big Job,"everyday healthy lifestyle scene related to Your Thyroid: The Small Gland With a Big Job, warm natural lighting (photo 3 of 4, a different angle/moment than the others in this set)"
images/thyroid-health/carousel-3-4.jpg,700x480,Your Thyroid: The Small Gland With a Big Job,"everyday healthy lifestyle scene related to Your Thyroid: The Small Gland With a Big Job, warm natural lighting (photo 4 of 4, a different angle/moment than the others in this set)"
images/thyroid-health/cover.jpg,1000x560,Your Thyroid: The Small Gland With a Big Job,"thyroid gland anatomy illustration, neck diagram, clean medical style"
images/understanding-allergies/carousel-1-1.jpg,700x480,Understanding Allergies,"pollen flowers spring allergy season, clean lifestyle photography (photo 1 of 4, a different angle/moment than the others in this set)"
images/understanding-allergies/carousel-1-2.jpg,700x480,Understanding Allergies,"pollen flowers spring allergy season, clean lifestyle photography (photo 2 of 4, a different angle/moment than the others in this set)"
images/understanding-allergies/carousel-1-3.jpg,700x480,Understanding Allergies,"pollen flowers spring allergy season, clean lifestyle photography (photo 3 of 4, a different angle/moment than the others in this set)"
images/understanding-allergies/carousel-1-4.jpg,700x480,Understanding Allergies,"pollen flowers spring allergy season, clean lifestyle photography (photo 4 of 4, a different angle/moment than the others in this set)"
images/understanding-allergies/carousel-2-1.jpg,700x480,Understanding Allergies,"everyday healthy lifestyle scene related to Understanding Allergies, warm natural lighting (photo 1 of 4, a different angle/moment than the others in this set)"
images/understanding-allergies/carousel-2-2.jpg,700x480,Understanding Allergies,"everyday healthy lifestyle scene related to Understanding Allergies, warm natural lighting (photo 2 of 4, a different angle/moment than the others in this set)"
images/understanding-allergies/carousel-2-3.jpg,700x480,Understanding Allergies,"everyday healthy lifestyle scene related to Understanding Allergies, warm natural lighting (photo 3 of 4, a different angle/moment than the others in this set)"
images/understanding-allergies/carousel-2-4.jpg,700x480,Understanding Allergies,"everyday healthy lifestyle scene related to Understanding Allergies, warm natural lighting (photo 4 of 4, a different angle/moment than the others in this set)"
images/understanding-allergies/carousel-3-1.jpg,700x480,Understanding Allergies,"everyday healthy lifestyle scene related to Understanding Allergies, warm natural lighting (photo 1 of 4, a different angle/moment than the others in this set)"
images/understanding-allergies/carousel-3-2.jpg,700x480,Understanding Allergies,"everyday healthy lifestyle scene related to Understanding Allergies, warm natural lighting (photo 2 of 4, a different angle/moment than the others in this set)"
images/understanding-allergies/carousel-3-3.jpg,700x480,Understanding Allergies,"everyday healthy lifestyle scene related to Understanding Allergies, warm natural lighting (photo 3 of 4, a different angle/moment than the others in this set)"
images/understanding-allergies/carousel-3-4.jpg,700x480,Understanding Allergies,"everyday healthy lifestyle scene related to Understanding Allergies, warm natural lighting (photo 4 of 4, a different angle/moment than the others in this set)"
images/understanding-allergies/cover.jpg,1000x560,Understanding Allergies,"pollen allergy season illustration, immune response, clean medical style"
images/vitamins-minerals/carousel-1-1.jpg,700x480,Vitamins and Minerals: What Your Body Needs,"vitamins and minerals food sources, colorful illustration, clean nutrition style (photo 1 of 4, a different angle/moment than the others in this set)"
images/vitamins-minerals/carousel-1-2.jpg,700x480,Vitamins and Minerals: What Your Body Needs,"vitamins and minerals food sources, colorful illustration, clean nutrition style (photo 2 of 4, a different angle/moment than the others in this set)"
images/vitamins-minerals/carousel-1-3.jpg,700x480,Vitamins and Minerals: What Your Body Needs,"vitamins and minerals food sources, colorful illustration, clean nutrition style (photo 3 of 4, a different angle/moment than the others in this set)"
images/vitamins-minerals/carousel-1-4.jpg,700x480,Vitamins and Minerals: What Your Body Needs,"vitamins and minerals food sources, colorful illustration, clean nutrition style (photo 4 of 4, a different angle/moment than the others in this set)"
images/vitamins-minerals/carousel-2-1.jpg,700x480,Vitamins and Minerals: What Your Body Needs,"everyday healthy lifestyle scene related to Vitamins and Minerals: What Your Body Needs, warm natural lighting (photo 1 of 4, a different angle/moment than the others in this set)"
images/vitamins-minerals/carousel-2-2.jpg,700x480,Vitamins and Minerals: What Your Body Needs,"everyday healthy lifestyle scene related to Vitamins and Minerals: What Your Body Needs, warm natural lighting (photo 2 of 4, a different angle/moment than the others in this set)"
images/vitamins-minerals/carousel-2-3.jpg,700x480,Vitamins and Minerals: What Your Body Needs,"everyday healthy lifestyle scene related to Vitamins and Minerals: What Your Body Needs, warm natural lighting (photo 3 of 4, a different angle/moment than the others in this set)"
images/vitamins-minerals/carousel-2-4.jpg,700x480,Vitamins and Minerals: What Your Body Needs,"everyday healthy lifestyle scene related to Vitamins and Minerals: What Your Body Needs, warm natural lighting (photo 4 of 4, a different angle/moment than the others in this set)"
images/vitamins-minerals/carousel-3-1.jpg,700x480,Vitamins and Minerals: What Your Body Needs,"everyday healthy lifestyle scene related to Vitamins and Minerals: What Your Body Needs, warm natural lighting (photo 1 of 4, a different angle/moment than the others in this set)"
images/vitamins-minerals/carousel-3-2.jpg,700x480,Vitamins and Minerals: What Your Body Needs,"everyday healthy lifestyle scene related to Vitamins and Minerals: What Your Body Needs, warm natural lighting (photo 2 of 4, a different angle/moment than the others in this set)"
images/vitamins-minerals/carousel-3-3.jpg,700x480,Vitamins and Minerals: What Your Body Needs,"everyday healthy lifestyle scene related to Vitamins and Minerals: What Your Body Needs, warm natural lighting (photo 3 of 4, a different angle/moment than the others in this set)"
images/vitamins-minerals/carousel-3-4.jpg,700x480,Vitamins and Minerals: What Your Body Needs,"everyday healthy lifestyle scene related to Vitamins and Minerals: What Your Body Needs, warm natural lighting (photo 4 of 4, a different angle/moment than the others in this set)"
images/vitamins-minerals/cover.jpg,1000x560,Vitamins and Minerals: What Your Body Needs,"colorful fruits and vegetables flatlay, vitamins minerals nutrition, clean bright style"
images/weight-loss-metabolism/carousel-1-1.jpg,700x480,How Metabolism Actually Works,"metabolism energy diagram, calories burned illustration, clean medical style (photo 1 of 4, a different angle/moment than the others in this set)"
images/weight-loss-metabolism/carousel-1-2.jpg,700x480,How Metabolism Actually Works,"metabolism energy diagram, calories burned illustration, clean medical style (photo 2 of 4, a different angle/moment than the others in this set)"
images/weight-loss-metabolism/carousel-1-3.jpg,700x480,How Metabolism Actually Works,"metabolism energy diagram, calories burned illustration, clean medical style (photo 3 of 4, a different angle/moment than the others in this set)"
images/weight-loss-metabolism/carousel-1-4.jpg,700x480,How Metabolism Actually Works,"metabolism energy diagram, calories burned illustration, clean medical style (photo 4 of 4, a different angle/moment than the others in this set)"
images/weight-loss-metabolism/carousel-2-1.jpg,700x480,How Metabolism Actually Works,"everyday healthy lifestyle scene related to How Metabolism Actually Works, warm natural lighting (photo 1 of 4, a different angle/moment than the others in this set)"
images/weight-loss-metabolism/carousel-2-2.jpg,700x480,How Metabolism Actually Works,"everyday healthy lifestyle scene related to How Metabolism Actually Works, warm natural lighting (photo 2 of 4, a different angle/moment than the others in this set)"
images/weight-loss-metabolism/carousel-2-3.jpg,700x480,How Metabolism Actually Works,"everyday healthy lifestyle scene related to How Metabolism Actually Works, warm natural lighting (photo 3 of 4, a different angle/moment than the others in this set)"
images/weight-loss-metabolism/carousel-2-4.jpg,700x480,How Metabolism Actually Works,"everyday healthy lifestyle scene related to How Metabolism Actually Works, warm natural lighting (photo 4 of 4, a different angle/moment than the others in this set)"
images/weight-loss-metabolism/carousel-3-1.jpg,700x480,How Metabolism Actually Works,"everyday healthy lifestyle scene related to How Metabolism Actually Works, warm natural lighting (photo 1 of 4, a different angle/moment than the others in this set)"
images/weight-loss-metabolism/carousel-3-2.jpg,700x480,How Metabolism Actually Works,"everyday healthy lifestyle scene related to How Metabolism Actually Works, warm natural lighting (photo 2 of 4, a different angle/moment than the others in this set)"
images/weight-loss-metabolism/carousel-3-3.jpg,700x480,How Metabolism Actually Works,"everyday healthy lifestyle scene related to How Metabolism Actually Works, warm natural lighting (photo 3 of 4, a different angle/moment than the others in this set)"
images/weight-loss-metabolism/carousel-3-4.jpg,700x480,How Metabolism Actually Works,"everyday healthy lifestyle scene related to How Metabolism Actually Works, warm natural lighting (photo 4 of 4, a different angle/moment than the others in this set)"
images/weight-loss-metabolism/cover.jpg,1000x560,How Metabolism Actually Works,"healthy lifestyle fitness scene, scale and vegetables, clean wellness photography style"
images/wind-down/carousel-1-1.jpg,700x480,How to Actually Wind Down at Night,"dim warm lamp light in cozy bedroom, evening wind down, wellness (photo 1 of 4, a different angle/moment than the others in this set)"
images/wind-down/carousel-1-2.jpg,700x480,How to Actually Wind Down at Night,"dim warm lamp light in cozy bedroom, evening wind down, wellness (photo 2 of 4, a different angle/moment than the others in this set)"
images/wind-down/carousel-1-3.jpg,700x480,How to Actually Wind Down at Night,"dim warm lamp light in cozy bedroom, evening wind down, wellness (photo 3 of 4, a different angle/moment than the others in this set)"
images/wind-down/carousel-1-4.jpg,700x480,How to Actually Wind Down at Night,"dim warm lamp light in cozy bedroom, evening wind down, wellness (photo 4 of 4, a different angle/moment than the others in this set)"
images/wind-down/carousel-2-1.jpg,700x480,How to Actually Wind Down at Night,"everyday healthy lifestyle scene related to How to Actually Wind Down at Night, warm natural lighting (photo 1 of 4, a different angle/moment than the others in this set)"
images/wind-down/carousel-2-2.jpg,700x480,How to Actually Wind Down at Night,"everyday healthy lifestyle scene related to How to Actually Wind Down at Night, warm natural lighting (photo 2 of 4, a different angle/moment than the others in this set)"
images/wind-down/carousel-2-3.jpg,700x480,How to Actually Wind Down at Night,"everyday healthy lifestyle scene related to How to Actually Wind Down at Night, warm natural lighting (photo 3 of 4, a different angle/moment than the others in this set)"
images/wind-down/carousel-2-4.jpg,700x480,How to Actually Wind Down at Night,"everyday healthy lifestyle scene related to How to Actually Wind Down at Night, warm natural lighting (photo 4 of 4, a different angle/moment than the others in this set)"
images/wind-down/carousel-3-1.jpg,700x480,How to Actually Wind Down at Night,"everyday healthy lifestyle scene related to How to Actually Wind Down at Night, warm natural lighting (photo 1 of 4, a different angle/moment than the others in this set)"
images/wind-down/carousel-3-2.jpg,700x480,How to Actually Wind Down at Night,"everyday healthy lifestyle scene related to How to Actually Wind Down at Night, warm natural lighting (photo 2 of 4, a different angle/moment than the others in this set)"
images/wind-down/carousel-3-3.jpg,700x480,How to Actually Wind Down at Night,"everyday healthy lifestyle scene related to How to Actually Wind Down at Night, warm natural lighting (photo 3 of 4, a different angle/moment than the others in this set)"
images/wind-down/carousel-3-4.jpg,700x480,How to Actually Wind Down at Night,"everyday healthy lifestyle scene related to How to Actually Wind Down at Night, warm natural lighting (photo 4 of 4, a different angle/moment than the others in this set)"
images/wind-down/cover.jpg,1000x560,How to Actually Wind Down at Night,"calm bedroom at night, warm lamp light, wind down routine, cozy wellness scene"
images/5-simple-morning-habits-for-a-calmer-day/cover.jpg,"calm morning routine, sunlight, cup of water, minimal wellness flatlay, soft blue tones",1000x560,5 Simple Morning Habits for a Calmer Day
images/5-simple-morning-habits-for-a-calmer-day/carousel-1-1.jpg,"morning sunlight window, variation 1, high quality, professional photography",700x480,5 Simple Morning Habits for a Calmer Day
images/5-simple-morning-habits-for-a-calmer-day/carousel-1-2.jpg,"warm cup of tea morning, variation 2, high quality, professional photography",700x480,5 Simple Morning Habits for a Calmer Day
images/5-simple-morning-habits-for-a-calmer-day/carousel-1-3.jpg,"open curtains natural light, variation 3, high quality, professional photography",700x480,5 Simple Morning Habits for a Calmer Day
images/5-simple-morning-habits-for-a-calmer-day/carousel-1-4.jpg,"peaceful morning balcony view, variation 4, high quality, professional photography",700x480,5 Simple Morning Habits for a Calmer Day
images/5-simple-morning-habits-for-a-calmer-day/carousel-2-1.jpg,"morning stretching routine, soft natural light, wellness lifestyle, variation 1",700x480,5 Simple Morning Habits for a Calmer Day
images/5-simple-morning-habits-for-a-calmer-day/carousel-2-2.jpg,"morning stretching routine, soft natural light, wellness lifestyle, variation 2",700x480,5 Simple Morning Habits for a Calmer Day
images/5-simple-morning-habits-for-a-calmer-day/carousel-2-3.jpg,"glass of water on kitchen counter, morning light, wellness, variation 3",700x480,5 Simple Morning Habits for a Calmer Day
images/5-simple-morning-habits-for-a-calmer-day/carousel-2-4.jpg,"journal and coffee on table, calm morning, wellness, variation 4",700x480,5 Simple Morning Habits for a Calmer Day
images/5-simple-morning-habits-for-a-calmer-day/carousel-3-1.jpg,"person meditating at sunrise, calm, wellness, variation 5",700x480,5 Simple Morning Habits for a Calmer Day
images/5-simple-morning-habits-for-a-calmer-day/carousel-3-2.jpg,"winding down at night, calm bedroom, wellness",700x480,5 Simple Morning Habits for a Calmer Day
images/5-simple-morning-habits-for-a-calmer-day/carousel-3-3.jpg,"breathing exercise, calm person, wellness",700x480,5 Simple Morning Habits for a Calmer Day
images/5-simple-morning-habits-for-a-calmer-day/carousel-3-4.jpg,"reducing screen time, phone down, wellness",700x480,5 Simple Morning Habits for a Calmer Day
images/5-simple-morning-habits-for-a-calmer-day/carousel-4-1.jpg,"simple stretches for office workers, wellness",700x480,5 Simple Morning Habits for a Calmer Day
images/collagen-what-it-actually-does-and-do-supplements-work/cover.jpg,"collagen protein molecule structure illustration, skin cross section, clean medical style",1000x560,Collagen: What It Actually Does and Do Supplements Work?
images/collagen-what-it-actually-does-and-do-supplements-work/carousel-1-1.jpg,"collagen supplement powder jar, variation 1, high quality, professional photography",700x480,Collagen: What It Actually Does and Do Supplements Work?
images/collagen-what-it-actually-does-and-do-supplements-work/carousel-1-2.jpg,"collagen capsules on wooden table, variation 2, high quality, professional photography",700x480,Collagen: What It Actually Does and Do Supplements Work?
images/collagen-what-it-actually-does-and-do-supplements-work/carousel-1-3.jpg,"collagen smoothie drink healthy lifestyle, variation 3, high quality, professional photography",700x480,Collagen: What It Actually Does and Do Supplements Work?
images/collagen-what-it-actually-does-and-do-supplements-work/carousel-1-4.jpg,"bone broth bowl collagen food source, variation 4, high quality, professional photography",700x480,Collagen: What It Actually Does and Do Supplements Work?
images/collagen-what-it-actually-does-and-do-supplements-work/carousel-2-1.jpg,"citrus fruits vitamin c collagen support, variation 5, high quality, professional photography",700x480,Collagen: What It Actually Does and Do Supplements Work?
images/collagen-what-it-actually-does-and-do-supplements-work/carousel-2-2.jpg,"glowing healthy skin closeup, variation 1, high quality, professional photography",700x480,Collagen: What It Actually Does and Do Supplements Work?
images/collagen-what-it-actually-does-and-do-supplements-work/carousel-2-3.jpg,"woman applying moisturizer skincare, variation 2, high quality, professional photography",700x480,Collagen: What It Actually Does and Do Supplements Work?
images/collagen-what-it-actually-does-and-do-supplements-work/carousel-2-4.jpg,"nourishing foods for skin health, variation 3, high quality, professional photography",700x480,Collagen: What It Actually Does and Do Supplements Work?
images/collagen-what-it-actually-does-and-do-supplements-work/carousel-3-1.jpg,"active joints stretching exercise, variation 4, high quality, professional photography",700x480,Collagen: What It Actually Does and Do Supplements Work?
images/eczema-and-psoriasis-whats-actually-happening-in-your-skin/cover.jpg,"healthy skin cross section illustration, dermatology medical style, clean background",1000x560,Eczema and Psoriasis: What's Actually Happening in Your Skin
images/eczema-and-psoriasis-whats-actually-happening-in-your-skin/carousel-1-1.jpg,"gentle moisturizer skincare routine, variation 1, high quality, professional photography",700x480,Eczema and Psoriasis: What's Actually Happening in Your Skin
images/eczema-and-psoriasis-whats-actually-happening-in-your-skin/carousel-1-2.jpg,"fragrance free lotion bottle, variation 2, high quality, professional photography",700x480,Eczema and Psoriasis: What's Actually Happening in Your Skin
images/eczema-and-psoriasis-whats-actually-happening-in-your-skin/carousel-1-3.jpg,"lukewarm shower self care, variation 3, high quality, professional photography",700x480,Eczema and Psoriasis: What's Actually Happening in Your Skin
images/eczema-and-psoriasis-whats-actually-happening-in-your-skin/carousel-1-4.jpg,"calm relaxed person stress relief, variation 4, high quality, professional photography",700x480,Eczema and Psoriasis: What's Actually Happening in Your Skin
images/eczema-and-psoriasis-whats-actually-happening-in-your-skin/carousel-2-1.jpg,"dermatologist consultation skin check, variation 1, high quality, professional photography",700x480,Eczema and Psoriasis: What's Actually Happening in Your Skin
images/eczema-and-psoriasis-whats-actually-happening-in-your-skin/carousel-2-2.jpg,"soft natural fabric clothing, variation 2, high quality, professional photography",700x480,Eczema and Psoriasis: What's Actually Happening in Your Skin
images/eczema-and-psoriasis-whats-actually-happening-in-your-skin/carousel-2-3.jpg,"cool humid air room humidifier, variation 3, high quality, professional photography",700x480,Eczema and Psoriasis: What's Actually Happening in Your Skin
images/eczema-and-psoriasis-whats-actually-happening-in-your-skin/carousel-2-4.jpg,"healthy balanced diet anti inflammatory, variation 4, high quality, professional photography",700x480,Eczema and Psoriasis: What's Actually Happening in Your Skin
